offset	bank	gb_addr	size	stream_len
0x0c000	0x03	0x4000	576	112
0x0c070	0x03	0x4070	576	122
0x10000	0x04	0x4000	1008	401
0x10191	0x04	0x4191	1504	852
0x1052d	0x04	0x452d	928	580
0x422f9	0x10	0x62f9	576	242
0x423eb	0x10	0x63eb	576	250
0x424e5	0x10	0x64e5	576	214
0x425bb	0x10	0x65bb	576	268
0x426c7	0x10	0x66c7	576	307
0x427fa	0x10	0x67fa	576	308
0x4292e	0x10	0x692e	576	304
0x42a5e	0x10	0x6a5e	576	309
0x42b93	0x10	0x6b93	576	320
0x42cd3	0x10	0x6cd3	576	321
0x42e14	0x10	0x6e14	576	319
0x42f53	0x10	0x6f53	576	322
0x430ad	0x10	0x70ad	576	162
0x4314f	0x10	0x714f	576	160
0x431ef	0x10	0x71ef	576	145
0x43280	0x10	0x7280	576	177
0x43331	0x10	0x7331	576	166
0x433d7	0x10	0x73d7	576	163
0x4347a	0x10	0x747a	576	169
0x43523	0x10	0x7523	576	171
0x435ce	0x10	0x75ce	576	200
0x43696	0x10	0x7696	576	199
0x4375d	0x10	0x775d	576	201
0x43826	0x10	0x7826	576	203
0x4400f	0x11	0x400f	4096	490
0x441f9	0x11	0x41f9	4096	490
0x443e3	0x11	0x43e3	4096	709
0x446a8	0x11	0x46a8	4096	1032
0x44ab0	0x11	0x4ab0	4096	490
0x44c9a	0x11	0x4c9a	4096	490
0x44e84	0x11	0x4e84	4096	791
0x4519b	0x11	0x519b	4096	1106
0x455ed	0x11	0x55ed	4096	490
0x457d7	0x11	0x57d7	4096	490
0x459c1	0x11	0x59c1	4096	833
0x45d02	0x11	0x5d02	4096	969
0x460cb	0x11	0x60cb	4096	490
0x462b5	0x11	0x62b5	4096	490
0x4649f	0x11	0x649f	4096	943
0x4684e	0x11	0x684e	4096	796
0x46b6a	0x11	0x6b6a	4096	490
0x46d54	0x11	0x6d54	4096	490
0x46f3e	0x11	0x6f3e	4096	1238
0x47414	0x11	0x7414	4096	1057
0x47841	0x11	0x7841	128	75
0x4788c	0x11	0x788c	256	155
0x47927	0x11	0x7927	416	156
0x479c3	0x11	0x79c3	192	130
0x47a45	0x11	0x7a45	192	134
0x47acb	0x11	0x7acb	192	92
0x4c000	0x13	0x4000	2048	1336
0x4c538	0x13	0x4538	1824	1150
0x4c9b6	0x13	0x49b6	576	148
0x4ca4a	0x13	0x4a4a	576	277
0x4cb5f	0x13	0x4b5f	1440	795
0x4ce7a	0x13	0x4e7a	1376	1086
0x4d2b8	0x13	0x52b8	2048	1376
0x4d818	0x13	0x5818	1312	950
0x4dbce	0x13	0x5bce	496	415
0x4dd6d	0x13	0x5d6d	1440	795
0x4e088	0x13	0x6088	864	784
0x4e398	0x13	0x6398	2048	1416
0x4e920	0x13	0x6920	1824	1348
0x4ee64	0x13	0x6e64	496	415
0x50000	0x14	0x4000	1440	795
0x5031b	0x14	0x431b	832	788
0x5062f	0x14	0x462f	2048	1492
0x50c03	0x14	0x4c03	1680	1015
0x50ffa	0x14	0x4ffa	992	816
0x5132a	0x14	0x532a	1440	795
0x51645	0x14	0x5645	992	801
0x51966	0x14	0x5966	2048	1552
0x51f76	0x14	0x5f76	2048	1411
0x524f9	0x14	0x64f9	48	37
0x5251e	0x14	0x651e	816	641
0x5279f	0x14	0x679f	1440	795
0x52aba	0x14	0x6aba	1152	884
0x52e2e	0x14	0x6e2e	2048	1352
0x53376	0x14	0x7376	1776	1141
0x537eb	0x14	0x77eb	496	415
0x64000	0x19	0x4000	1744	879
0x6436f	0x19	0x436f	1808	822
0x646a5	0x19	0x46a5	832	525
0x648b2	0x19	0x48b2	2048	1070
0x64ce0	0x19	0x4ce0	304	181
0x64d95	0x19	0x4d95	1952	1387
0x65300	0x19	0x5300	2048	1450
0x658aa	0x19	0x58aa	1984	1440
0x65e4a	0x19	0x5e4a	2048	1423
0x663d9	0x19	0x63d9	32	27
0x663f4	0x19	0x63f4	2000	1444
0x66998	0x19	0x6998	2048	1486
0x66f73	0x19	0x6f73	2000	1477
0x67538	0x19	0x7538	2048	1455
0x67ae7	0x19	0x7ae7	48	40
0x70000	0x1c	0x4000	2048	1438
0x7059e	0x1c	0x459e	2048	1354
0x70ae8	0x1c	0x4ae8	1632	1287
0x70fef	0x1c	0x4fef	576	118
0x71065	0x1c	0x5065	576	242
0x71157	0x1c	0x5157	112	42
0x71181	0x1c	0x5181	160	50
0x711b3	0x1c	0x51b3	2048	984
0x7158b	0x1c	0x558b	2049	1255
0x71a72	0x1c	0x5a72	1601	1195
0x71f1d	0x1c	0x5f1d	576	199
0x71fe4	0x1c	0x5fe4	576	282
0x720fe	0x1c	0x60fe	576	183
0x721b5	0x1c	0x61b5	576	309
0x722ea	0x1c	0x62ea	704	489
0x724d3	0x1c	0x64d3	464	185
0x7258c	0x1c	0x658c	256	150
0x72622	0x1c	0x6622	64	32
0x72642	0x1c	0x6642	64	38
0x72668	0x1c	0x6668	448	255
0x72767	0x1c	0x6767	160	43
0x72792	0x1c	0x6792	160	66
0x727d4	0x1c	0x67d4	1536	1034
0x72bde	0x1c	0x6bde	704	357
0x72d43	0x1c	0x6d43	416	97
0x72da4	0x1c	0x6da4	416	129
0x72e25	0x1c	0x6e25	1088	689
0x730d6	0x1c	0x70d6	1136	763
0x733d1	0x1c	0x73d1	512	300
0x734fd	0x1c	0x74fd	416	111
0x7356c	0x1c	0x756c	416	149
0x73601	0x1c	0x7601	1088	689
0x738b2	0x1c	0x78b2	1136	763
0x73bad	0x1c	0x7bad	512	300
0x73cd9	0x1c	0x7cd9	416	111
0x73d48	0x1c	0x7d48	416	149
0x74000	0x1d	0x4000	1248	768
0x74300	0x1d	0x4300	1888	1212
0x747bc	0x1d	0x47bc	720	577
0x749fd	0x1d	0x49fd	1024	247
0x74af4	0x1d	0x4af4	1024	310
0x74c2a	0x1d	0x4c2a	1856	1188
0x750ce	0x1d	0x50ce	896	644
0x75352	0x1d	0x5352	1024	244
0x75446	0x1d	0x5446	1024	336
0x75596	0x1d	0x5596	672	372
0x7570a	0x1d	0x570a	512	359
0x75871	0x1d	0x5871	1328	934
0x75c17	0x1d	0x5c17	592	460
0x75de3	0x1d	0x5de3	512	188
0x75e9f	0x1d	0x5e9f	512	268
0x75fab	0x1d	0x5fab	672	372
0x7611f	0x1d	0x611f	1664	978
0x764f1	0x1d	0x64f1	1328	902
0x76877	0x1d	0x6877	240	198
0x7693d	0x1d	0x693d	512	162
0x769df	0x1d	0x69df	512	246
0x78000	0x1e	0x4000	768	408
0x78198	0x1e	0x4198	2048	1173
0x7862d	0x1e	0x462d	672	491
0x78818	0x1e	0x4818	576	175
0x788c7	0x1e	0x48c7	576	236
0x789b3	0x1e	0x49b3	2048	1387
0x78f1e	0x1e	0x4f1e	544	290
0x79040	0x1e	0x5040	576	278
0x79156	0x1e	0x5156	1024	490
